{"cameraMode":{"drawMode":0,"name":"Shaded","section":"Shading Mode"},"sceneLighting":true,"audioPlay":false,"sceneViewState":{"showFog":true,"showMaterialUpdate":false,"showSkybox":true,"showFlares":true,"showImageEffects":true,"showParticleSystems":true},"in2DMode":false,"pivot":{"x":9.49204158782959,"y":0.5201280117034912,"z":-0.44670426845550539},"rotation":{"x":-0.0038737980648875238,"y":-0.9969394207000732,"z":-0.06285916268825531,"w":0.05443893000483513},"size":0.6866027116775513,"orthographic":false}