{"cameraMode":{"drawMode":0,"name":"Shaded","section":"Shading Mode"},"sceneLighting":false,"audioPlay":false,"sceneViewState":{"showFog":true,"showMaterialUpdate":false,"showSkybox":false,"showFlares":true,"showImageEffects":true,"showParticleSystems":true},"in2DMode":false,"pivot":{"x":2.547966241836548,"y":-0.5882167816162109,"z":0.4322023093700409},"rotation":{"x":0.08654698729515076,"y":-0.7555370926856995,"z":0.10514717549085617,"w":0.6417863965034485},"size":0.25861018896102908,"orthographic":false}