{"cameraMode":{"drawMode":0,"name":"Shaded","section":"Shading Mode"},"sceneLighting":true,"audioPlay":false,"sceneViewState":{"showFog":true,"showMaterialUpdate":false,"showSkybox":true,"showFlares":true,"showImageEffects":true,"showParticleSystems":true},"in2DMode":false,"pivot":{"x":1.9612692594528199,"y":-0.8773395419120789,"z":1.826629638671875},"rotation":{"x":-0.2170296460390091,"y":0.5321463346481323,"z":-0.14338377118110658,"w":-0.8059172034263611},"size":1.675431728363037,"orthographic":false}