{"cameraMode":{"drawMode":0,"name":"Shaded","section":"Shading Mode"},"sceneLighting":true,"audioPlay":false,"sceneViewState":{"showFog":true,"showMaterialUpdate":false,"showSkybox":true,"showFlares":true,"showImageEffects":true,"showParticleSystems":true},"in2DMode":false,"pivot":{"x":2.2730650901794435,"y":-0.5722554326057434,"z":1.8629639148712159},"rotation":{"x":-0.14265571534633637,"y":0.516753077507019,"z":-0.08782758563756943,"w":-0.8396417498588562},"size":0.2571943402290344,"orthographic":false}