{"cameraMode":{"drawMode":0,"name":"Shaded","section":"Shading Mode"},"sceneLighting":true,"audioPlay":false,"sceneViewState":{"showFog":true,"showMaterialUpdate":false,"showSkybox":true,"showFlares":true,"showImageEffects":true,"showParticleSystems":true},"in2DMode":false,"pivot":{"x":2.2251055240631105,"y":-0.5222503542900086,"z":1.7466390132904053},"rotation":{"x":-0.14848580956459046,"y":0.473370760679245,"z":-0.08131114393472672,"w":-0.8644475936889648},"size":0.385700523853302,"orthographic":false}